{
  "project_info": {
    "project_number": "14059566453",
    "project_id": "bitplus-android-app",
    "storage_bucket": "bitplus-android-app.appspot.com"
  },
  "client": [
    {
      "client_info": {
        "mobilesdk_app_id": "1:14059566453:android:97b3f2474879f954398f3c",
        "android_client_info": {
          "package_name": "com.bitplus.pay"
        }
      },
      "oauth_client": [
        {
          "client_id": "14059566453-14uomkvfj4hr0fk5a2dpmduuhoivg3jh.apps.googleusercontent.com",
          "client_type": 1,
          "android_info": {
            "package_name": "com.bitplus.pay",
            "certificate_hash": "c4cd957d494d6d796049b6ed5b2ed46e2e896b53"
          }
        },
        {
          "client_id": "14059566453-3b9iiajtgn72d65tg82i43vmp0j4lrhu.apps.googleusercontent.com",
          "client_type": 1,
          "android_info": {
            "package_name": "com.bitplus.pay",
            "certificate_hash": "097ca638662d0cc7446f3a8a236e30b3b9425055"
          }
        },
        {
          "client_id": "14059566453-9i6ohgsg8p3h1etct1bqjlqkcg6g5c6s.apps.googleusercontent.com",
          "client_type": 3
        }
      ],
      "api_key": [
        {
          "current_key": "AIzaSyAc5f7imD1dSGL4k2-_lyWHaLu5GdMGdGE"
        }
      ],
      "services": {
        "appinvite_service": {
          "other_platform_oauth_client": [
            {
              "client_id": "14059566453-9i6ohgsg8p3h1etct1bqjlqkcg6g5c6s.apps.googleusercontent.com",
              "client_type": 3
            }
          ]
        }
      }
    },
    {
      "client_info": {
        "mobilesdk_app_id": "1:14059566453:android:be03f362b74936e7398f3c",
        "android_client_info": {
          "package_name": "com.starpoin.pay"
        }
      },
      "oauth_client": [
        {
          "client_id": "14059566453-7k6uteot1t9jku8jur1h6sqv92b509jr.apps.googleusercontent.com",
          "client_type": 1,
          "android_info": {
            "package_name": "com.starpoin.pay",
            "certificate_hash": "c4cd957d494d6d796049b6ed5b2ed46e2e896b53"
          }
        },
        {
          "client_id": "14059566453-ss3t5h4nqmhpc65f1di4agpbsmrtu2iv.apps.googleusercontent.com",
          "client_type": 1,
          "android_info": {
            "package_name": "com.starpoin.pay",
            "certificate_hash": "097ca638662d0cc7446f3a8a236e30b3b9425055"
          }
        },
        {
          "client_id": "14059566453-9i6ohgsg8p3h1etct1bqjlqkcg6g5c6s.apps.googleusercontent.com",
          "client_type": 3
        }
      ],
      "api_key": [
        {
          "current_key": "AIzaSyAc5f7imD1dSGL4k2-_lyWHaLu5GdMGdGE"
        }
      ],
      "services": {
        "appinvite_service": {
          "other_platform_oauth_client": [
            {
              "client_id": "14059566453-9i6ohgsg8p3h1etct1bqjlqkcg6g5c6s.apps.googleusercontent.com",
              "client_type": 3
            }
          ]
        }
      }
    }
  ],
  "configuration_version": "1"
}